seq_idx,motif_rank,motif_wt,motif_mutations,motif_start,y_ratio
1909,2.864932448,GGAAGT,0,1367,1
96,2.293140929,GGAAGT,0,270,1
2091,2.209626161,GGAAGT,0,918,1
1317,2.189544737,GGAAGT,0,1031,1
2944,2.154910244,GGAAGT,0,592,0.847439712
2844,2.005969062,GGAAGT,0,1042,1
673,1.959412999,GGAAGT,0,596,1
1832,1.938634716,GGAAGT,0,1703,1
2865,1.898821294,GGAAGT,0,1012,0.709670046
1376,1.882642128,GGAAGT,0,1929,1
212,1.86289392,GGAAGT,0,1025,1
2331,1.831530809,GGAAGT,0,1676,0.732547371
1296,1.786297336,GGAAGT,0,439,0.653016408
2505,1.765797693,GGAAGT,0,1109,1
1534,1.753448956,GGAAGT,0,939,1
1364,1.748560548,GGAAGT,0,1120,0.961543096
3003,1.733184457,GGAAGT,0,408,1
1025,1.726317018,GGAAGT,0,894,1
2947,1.722910699,GGAAGT,0,1004,1
3123,1.672726065,GGAAGT,0,1121,1
2418,1.645206019,GGAAGT,0,745,1
1321,1.635702029,GGAAGT,0,1053,0.774267096
1836,1.596895877,GGAAGT,0,989,0.675661339
1092,1.574941712,GGAAGT,0,930,1
736,1.56933175,GGAAGT,0,1300,1
2446,1.557918429,GGAAGT,0,1076,0.853561869
137,1.554432169,GGAAGT,0,807,0.867461403
2821,1.544140644,GGAAGT,0,1095,1
750,1.520920306,GGAAGT,0,1035,0.805931355
3065,1.519165102,GGAAGT,0,1150,1
866,1.505387198,GGAAGT,0,1033,1
1720,1.495297551,GGAAGT,0,1048,0.658286371
2559,1.43371428,GGAAGT,0,901,1
2686,1.399167225,GGAAGT,0,1506,1
2665,1.39911259,GGAAGT,0,876,1
1749,1.341588043,GGAAGT,0,1085,0.863814161
2084,1.316408634,GGAAGT,0,766,0.978971814
1958,1.297901504,GGAAGT,0,1020,0.622611798
2294,1.285903618,GGAAGT,0,849,1
1192,1.253701031,GGAAGT,0,1033,1
1588,1.192154218,GGAAGT,0,905,0.614629792
2028,1.189164784,GGAAGT,0,364,1
914,1.173182309,GGAAGT,0,1155,0.903105335
2039,1.171749787,GGAAGT,0,796,1
2363,1.134804221,GGAAGT,0,1493,1
296,1.124038342,GGAAGT,0,963,0.838291536
207,1.093052069,GGAAGT,0,988,1
787,1.072671637,GGAAGT,0,927,0.932323907
3242,1.067049339,GGAAGT,0,954,0.89045236
2312,1.055836316,GGAAGT,0,1643,0.715824935
3217,1.04935427,GGAAGT,0,962,0.860949348
2192,1.035316984,GGAAGT,0,1306,1
408,1.03280184,GGAAGT,0,345,0.915033387
1115,1.027682848,GGAAGT,0,1520,0.610863849
481,1.02757749,GGAAGT,0,1713,0.667856327
1809,1.016151393,GGAAGT,0,591,0.904290457
2137,1.009964257,GGAAGT,0,1034,0.965442116
2208,1.007358115,GGAAGT,0,1304,1
1606,1.003474131,GGAAGT,0,1220,0.663327915