seq_idx,motif_rank,motif_wt,motif_mutations,motif_start,y_ratio
2213,2.187306017,CCGGAA,0,917,1
1360,1.799838208,CCGGAA,0,1061,0.981575796
607,1.746725526,CCGGAA,0,770,1
264,1.676402278,CCGGAA,0,781,1
1706,1.543128148,CCGGAA,0,1135,0.819217534
807,1.503291532,CCGGAA,0,872,0.783243953
1371,1.241228204,CCGGAA,0,1206,1
2292,1.017830446,CCGGAA,0,1235,1
2146,1.016355062,CCGGAA,0,1292,1
1621,1.007969469,CCGGAA,0,949,1
421,0.979743931,CCGGAA,0,676,0.785046899
758,0.974231049,CCGGAA,0,1432,1
193,0.971099108,CCGGAA,0,1851,0.719765565
1189,0.945292113,CCGGAA,0,507,1
1632,0.9189087,CCGGAA,0,1398,1
2186,0.918851937,CCGGAA,0,223,1
1507,0.904089088,CCGGAA,0,892,0.638077326
2274,0.856671564,CCGGAA,0,139,0.644076965
1154,0.837856732,CCGGAA,0,1185,1
2188,0.834827472,CCGGAA,0,911,0.897384289
154,0.789972793,CCGGAA,0,941,0.967922777
2205,0.774852047,CCGGAA,0,529,1
697,0.773263423,CCGGAA,0,436,1
2180,0.772571219,CCGGAA,0,1025,1
2217,0.760628731,CCGGAA,0,1497,1
680,0.755617492,CCGGAA,0,495,0.64609509
1548,0.755099691,CCGGAA,0,1192,0.977714735
926,0.751775729,CCGGAA,0,855,1
2183,0.726683892,CCGGAA,0,796,0.808960946
2223,0.66934098,CCGGAA,0,711,1
2185,0.657053957,CCGGAA,0,832,1
590,0.625400761,CCGGAA,0,896,0.695225517
2184,0.611218445,CCGGAA,0,1042,1
2293,0.581464863,CCGGAA,0,860,0.84303332
2223,0.563768318,CCGGAA,0,732,0.659403414
2241,0.558030235,CCGGAA,0,1110,1
2290,0.544253646,CCGGAA,0,1104,0.807708672
2226,0.540731166,CCGGAA,0,977,0.607330391
573,0.487614073,CCGGAA,0,1060,0.712446672
573,0.47418549,CCGGAA,0,1106,0.737694315
193,0.443982393,CCGGAA,0,392,0.711513202
2184,0.397752048,CCGGAA,0,1062,0.739116645
2240,0.352656613,CCGGAA,0,819,0.837252685
2129,0.282035665,CCGGAA,0,1125,0.728086769
1153,0.257128787,CCGGAA,0,688,0.630251404
1049,0.241685554,CCGGAA,0,512,0.923412509
1695,0.150085688,CCGGAA,0,1134,0.862091787
286,0.143856423,CCGGAA,0,918,0.607655676
286,0.141400193,CCGGAA,0,946,0.695869234
2264,0.094081402,CCGGAA,0,1192,0.719895564